# Idx,Group
0,7
1,7
2,7
3,7
4,7
5,7
6,7
7,7
8,7
9,7
10,7
11,7
12,7
13,7
14,7
15,7
16,7
17,7
18,7
19,7
20,7
21,7
22,7
23,7
24,7
25,7
26,7
27,7
28,7
29,7
30,7
31,7
32,7
33,7
34,7
35,7
36,7
37,7
38,7
39,7
40,7
41,7
42,7
43,7
44,7
45,7
46,7
47,7
48,7
49,7
50,7
51,7
52,7
53,7
54,7
55,7
56,7
57,7
58,7
59,7
60,7
61,7
62,7
63,7
64,7
65,7
66,7
67,7
68,7
69,7
70,7
71,7
72,7
73,7
74,7
75,7
76,7
77,7
78,7
79,7
80,7
81,7
82,7
83,7
84,7
85,7
86,7
87,7
88,7
89,7
90,7
91,7
92,7
93,7
94,7
95,7
96,7
97,7
98,7
99,7
100,7
101,7
102,7
103,7
104,7
105,7
106,7
107,7
108,7
109,7
110,7
111,7
112,7
113,7
114,7
115,7
116,7
117,7
118,7
119,7
120,7
121,7
122,7
123,7
124,7
125,7
126,7
127,7
128,7
129,7
130,7
131,7
132,7
133,7
134,7
135,7
136,7
137,7
138,7
139,7
140,7
141,7
142,7
143,7
144,7
145,7
146,7
147,7
148,7
149,7
150,7
151,7
152,7
153,7
154,7
155,7
156,7
157,7
158,7
159,7
160,7
161,7
162,7
163,7
164,7
165,7
166,7
167,7
168,7
169,7
170,7
171,7
172,7
173,7
174,7
175,7
176,7
177,7
178,7
179,7
180,7
181,7
182,7
183,7
184,7
185,7
186,7
187,7
188,7
189,7
190,7
191,7
192,7
193,7
194,7
195,7
196,7
197,7
198,7
199,7
200,7
201,7
202,7
203,7
204,7
205,7
206,7
207,7
208,7
209,7
210,7
211,7
212,7
213,7
214,7
215,7
216,7
217,7
218,7
219,7
220,7
221,7
222,7
223,7
224,7
225,7
226,7
227,7
228,7
229,7
230,7
231,7
232,7
233,7
234,7
235,7
236,7
237,7
238,7
239,7
240,7
241,7
242,7
243,7
244,7
245,7
246,7
247,7
248,7
249,7
250,7
251,7
252,7
253,7
254,7
255,7
256,7
257,7
258,7
259,7
260,7
261,7
262,7
263,7
264,7
265,7
266,7
267,7
268,7
269,7
270,7
271,7
272,7
273,7
274,7
275,7
276,7
277,7
278,7
279,7
280,7
281,7
282,7
283,7
284,7
285,7
286,7
287,7
288,7
289,7
290,7
291,7
292,7
293,7
294,7
295,7
296,7
297,7
298,7
299,7
300,7
301,7
302,7
303,7
304,7
305,7
306,7
307,7
308,7
309,7
310,7
311,7
312,7
313,7
314,7
315,7
316,7
317,7
318,7
319,7
320,7
321,7
322,7
323,7
324,7
325,7
326,7
327,7
328,7
329,7
330,7
331,7
332,7
333,7
334,7
335,7
336,7
337,7
338,7
339,7
340,7
341,7
342,7
343,7
344,7
345,7
346,7
347,7
348,7
349,7
350,7
351,7
352,7
353,7
354,7
355,7
356,7
357,7
358,7
359,7
360,7
361,7
362,7
363,7
364,7
365,7
366,7
367,7
368,7
369,7
370,7
371,7
372,7
373,7
374,7
375,7
376,7
377,7
378,7
379,7
380,7
381,7
382,7
383,7
384,7
385,7
386,7
387,7
388,7
389,7
390,7
391,7
392,7
393,7
394,7
395,7
396,7
397,7
398,7
399,7
400,7
401,7
402,7
403,7
404,7
405,7
406,7
407,7
408,7
409,7
410,7
411,7
412,7
413,7
414,7
415,7
416,7
417,7
418,7
419,7
420,7
421,7
422,7
423,7
424,7
425,7
426,7
427,7
428,7
429,7
430,7
431,7
432,7
433,7
434,7
435,7
436,7
437,7
438,7
439,1
440,1
441,1
442,7
443,1
444,1
445,1
446,1
447,7
448,7
449,7
450,1
451,7
452,1
453,1
454,7
455,1
456,7
457,7
458,7
459,1
460,7
461,1
462,7
463,1
464,7
465,1
466,7
467,7
468,1
469,7
470,7
471,1
472,7
473,7
474,1
475,7
476,7
477,1
478,7
479,7
480,1
481,7
482,7
483,1
484,7
485,7
486,7
487,7
488,1
489,7
490,7
491,1
492,7
493,1
494,7
495,7
496,7
497,7
498,1
499,7
500,7
501,7
502,1
503,7
504,1
505,7
506,7
507,7
508,7
509,7
510,1
511,7
512,7
513,1
514,7
515,7
516,7
517,1
518,7
519,7
520,7
521,1
522,7
523,7
524,7
525,7
526,1
527,7
528,7
529,7
530,1
531,1
532,1
533,1
534,1
535,1
536,7
537,1
538,1
539,7
540,1
541,1
542,7
543,1
544,7
545,1
546,7
547,1
548,7
549,1
550,1
551,7
552,7
553,7
554,1
555,1
556,7
557,1
558,1
559,1
560,7
561,7
562,7
563,1
564,7
565,1
566,7
567,1
568,7
569,7
570,1
571,7
572,1
573,7
574,1
575,1
576,7
577,1
578,7
579,7
580,1
581,7
582,7
583,7
584,7
585,1
586,1
587,7
588,1
589,7
590,1
591,1
592,7
593,7
594,7
595,7
596,1
597,7
598,1
599,7
600,1
601,7
602,7
603,1
604,1
605,7
606,7
607,1
608,7
609,7
610,1
611,7
612,1
613,7
614,7
615,7
616,7
617,1
618,1
619,7
620,1
621,7
622,7
623,7
624,1
625,1
626,7
627,1
628,1
629,1
630,1
631,7
632,1
633,1
634,7
635,1
636,7
637,1
638,1
639,1
640,1
641,7
642,1
643,1
644,7
645,1
646,1
647,7
648,7
649,1
650,7
651,1
652,7
653,1
654,1
655,1
656,7
657,7
658,1
659,1
660,1
661,7
662,1
663,7
664,7
665,1
666,7
667,1
668,7
669,1
670,1
671,7
672,1
673,7
674,1
675,1
676,7
677,1
678,7
679,1
680,7
681,7
682,1
683,7
684,1
685,7
686,7
687,1
688,1
689,1
690,1
691,7
692,7
693,7
694,7
695,1
696,1
697,7
698,1
699,7
700,1
701,7
702,1
703,1
704,7
705,7
706,1
707,7
708,1
709,1
710,7
711,7
712,7
713,1
714,1
715,7
716,7
717,7
718,7
719,1
720,1
721,1
722,1
723,7
724,1
725,7
726,7
727,1
728,1
729,1
730,1
731,1
732,1
733,7
734,7
735,1
736,1
737,7
738,1
739,1
740,1
741,1
742,1
743,7
744,1
745,1
746,7
747,1
748,1
749,1
750,7
751,1
752,1
753,7
754,1
755,7
756,7
757,1
758,1
759,1
760,7
761,7
762,1
763,1
764,7
765,1
766,1
767,1
768,7
769,7
770,1
771,1
772,1
773,7
774,7
775,1
776,7
777,1
778,1
779,1
780,7
781,1
782,1
783,7
784,7
785,1
786,1
787,7
788,7
789,1
790,7
791,1
792,1
793,7
794,1
795,1
796,7
797,1
798,1
799,7
800,1
801,1
802,7
803,7
804,1
805,7
806,7
807,1
808,1
809,7
810,1
811,1
812,7
813,7
814,1
815,1
816,1
817,7
818,1
819,7
820,7
821,1
822,7
823,1
824,1
825,7
826,7
827,7
828,1
829,1
830,1
831,1
832,1
833,1
834,1
835,1
836,1
837,1
838,7
839,1
840,7
841,1
842,7
843,1
844,1
845,1
846,7
847,1
848,1
849,7
850,7
851,1
852,1
853,1
854,1
855,7
856,1
857,1
858,1
859,1
860,1
861,7
862,7
863,1
864,1
865,7
866,1
867,7
868,1
869,1
870,1
871,1
872,7
873,1
874,1
875,7
876,7
877,1
878,7
879,1
880,1
881,7
882,1
883,1
884,7
885,1
886,7
887,1
888,1
889,1
890,1
891,1
892,7
893,7
894,1
895,1
896,7
897,7
898,1
899,1
900,7
901,7
902,1
903,1
904,1
905,7
906,1
907,7
908,1
909,1
910,1
911,1
912,1
913,7
914,7
915,7
916,7
917,1
918,1
919,7
920,1
921,1
922,1
923,7
924,7
925,1
926,1
927,1
928,1
929,7
930,1
931,7
932,1
933,1
934,7
935,7
936,1
937,7
938,1
939,7
940,1
941,7
942,8
943,1
944,8
945,8
946,8
947,8
948,1
949,1
950,8
951,8
952,8
953,7
954,8
955,1
956,7
957,1
958,1
959,8
960,1
961,7
962,8
963,8
964,7
965,7
966,1
967,8
968,1
969,8
970,7
971,1
972,1
973,8
974,7
975,1
976,1
977,7
978,8
979,8
980,7
981,7
982,1
983,1
984,1
985,8
986,1
987,8
988,7
989,1
990,7
991,8
992,1
993,1
994,7
995,7
996,8
997,1
998,7
999,1
1000,7
1001,1
1002,8
1003,7
1004,1
1005,8
1006,1
1007,1
1008,8
1009,1
1010,1
1011,7
1012,1
1013,7
1014,7
1015,8
1016,7
1017,7
1018,1
1019,8
1020,7
1021,1
1022,7
1023,1
1024,1
1025,1
1026,8
1027,1
1028,8
1029,1
1030,7
1031,7
1032,7
1033,7
1034,1
1035,8
1036,1
1037,7
1038,1
1039,1
1040,7
1041,1
1042,8
1043,1
1044,8
1045,7
1046,1
1047,1
1048,7
1049,7
1050,1
1051,8
1052,1
1053,7
1054,7
1055,1
1056,8
1057,8
1058,8
1059,8
1060,1
1061,8
1062,8
1063,7
1064,8
1065,1
1066,8
1067,7
1068,8
1069,8
1070,8
1071,8
1072,7
1073,1
1074,1
1075,1
1076,8
1077,7
1078,8
1079,1
1080,7
1081,8
1082,8
1083,1
1084,8
1085,7
1086,1
1087,8
1088,7
1089,1
1090,7
1091,8
1092,8
1093,1
1094,8
1095,7
1096,7
1097,1
1098,8
1099,1
1100,8
1101,1
1102,7
1103,1
1104,8
1105,8
1106,8
1107,1
1108,7
1109,1
1110,7
1111,8
1112,7
1113,7
1114,1
1115,7
1116,8
1117,1
1118,8
1119,1
1120,1
1121,8
1122,7
1123,7
1124,8
1125,8
1126,1
1127,1
1128,1
1129,1
1130,8
1131,8
1132,7
1133,7
1134,1
1135,7
1136,7
1137,8
1138,7
1139,8
1140,8
1141,1
1142,1
1143,7
1144,1
1145,1
1146,8
1147,7
1148,8
1149,1
1150,1
1151,8
1152,7
1153,1
1154,7
1155,7
1156,1
1157,8
1158,8
1159,1
1160,7
1161,7
1162,7
1163,1
1164,8
1165,8
1166,1
1167,1
1168,8
1169,7
1170,7
1171,1
1172,8
1173,8
1174,8
1175,1
1176,1
1177,8
1178,8
1179,8
1180,8
1181,8
1182,7
1183,8
1184,7
1185,8
1186,1
1187,8
1188,7
1189,8
1190,8
1191,7
1192,8
1193,8
1194,1
1195,8
1196,7
1197,1
1198,1
1199,8
1200,8
1201,7
1202,1
1203,8
1204,1
1205,8
1206,8
1207,7
1208,1
1209,8
1210,8
1211,7
1212,8
1213,7
1214,7
1215,1
1216,8
1217,8
1218,8
1219,1
1220,1
1221,1
1222,8
1223,7
1224,1
1225,7
1226,8
1227,8
1228,7
1229,8
1230,8
1231,1
1232,8
1233,8
1234,7
1235,1
1236,7
1237,1
1238,7
1239,1
1240,7
1241,1
1242,8
1243,8
1244,8
1245,8
1246,7
1247,7
1248,1
1249,1
1250,8
1251,1
1252,8
1253,8
1254,8
1255,7
1256,1
1257,1
1258,7
1259,7
1260,8
1261,8
1262,8
1263,1
1264,7
1265,7
1266,1
1267,1
1268,7
1269,8
1270,8
1271,8
1272,8
1273,7
1274,1
1275,1
1276,1
1277,8
1278,8
1279,1
1280,7
1281,1
1282,7
1283,7
1284,8
1285,8
1286,7
1287,7
1288,8
1289,1
1290,7
1291,8
1292,1
1293,8
1294,8
1295,8
1296,8
1297,1
1298,8
1299,8
1300,1
1301,8
1302,8
1303,8
1304,8
1305,1
1306,7
1307,8
1308,8
1309,1
1310,8
1311,7
1312,8
1313,7
1314,8
1315,8
1316,7
1317,8
1318,8
1319,8
1320,1
1321,7
1322,8
1323,1
1324,7
1325,8
1326,1
1327,8
1328,1
1329,7
1330,1
1331,8
1332,8
1333,8
1334,8
1335,8
1336,7
1337,8
1338,7
1339,1
1340,8
1341,8
1342,7
1343,7
1344,8
1345,1
1346,1
1347,1
1348,8
1349,8
1350,8
1351,1
1352,7
1353,8
1354,8
1355,7
1356,8
1357,1
1358,8
1359,7
1360,1
1361,8
1362,8
1363,8
1364,7
1365,1
1366,5
1367,1
1368,8
1369,7
1370,8
1371,7
1372,1
1373,8
1374,8
1375,1
1376,8
1377,8
1378,1
1379,8
1380,7
1381,8
1382,3
1383,1
1384,8
1385,1
1386,8
1387,7
1388,8
1389,5
1390,5
1391,8
1392,1
1393,1
1394,7
1395,8
1396,5
1397,7
1398,8
1399,8
1400,8
1401,8
1402,1
1403,8
1404,7
1405,1
1406,1
1407,1
1408,8
1409,8
1410,5
1411,5
1412,8
1413,3
1414,8
1415,5
1416,8
1417,7
1418,8
1419,8
1420,8
1421,7
1422,8
1423,8
1424,8
1425,1
1426,7
1427,8
1428,8
1429,1
1430,8
1431,8
1432,8
1433,1
1434,8
1435,1
1436,8
1437,8
1438,8
1439,8
1440,7
1441,8
1442,8
1443,5
1444,8
1445,8
1446,5
1447,8
1448,5
1449,8
1450,1
1451,8
1452,1
1453,8
1454,8
1455,3
1456,1
1457,8
1458,7
1459,8
1460,7
1461,1
1462,8
1463,8
1464,7
1465,8
1466,8
1467,8
1468,1
1469,8
1470,5
1471,7
1472,8
1473,8
1474,5
1475,8
1476,1
1477,8
1478,5
1479,1
1480,8
1481,8
1482,1
1483,8
1484,8
1485,7
1486,1
1487,8
1488,8
1489,8
1490,3
1491,7
1492,8
1493,8
1494,8
1495,7
1496,1
1497,1
1498,5
1499,5
1500,8
1501,7
1502,5
1503,8
1504,8
1505,8
1506,1
1507,1
1508,8
1509,8
1510,8
1511,8
1512,7
1513,8
1514,1
1515,1
1516,8
1517,8
1518,7
1519,8
1520,5
1521,5
1522,8
1523,3
1524,1
1525,8
1526,7
1527,1
1528,8
1529,5
1530,8
1531,7
1532,8
1533,8
1534,1
1535,8
1536,8
1537,1
1538,8
1539,1
1540,7
1541,8
1542,8
1543,5
1544,6
1545,8
1546,6
1547,6
1548,5
1549,6
1550,6
1551,6
1552,1
1553,6
1554,8
1555,6
1556,8
1557,7
1558,8
1559,6
1560,7
1561,8
1562,3
1563,1
1564,5
1565,6
1566,6
1567,1
1568,8
1569,1
1570,7
1571,8
1572,6
1573,8
1574,6
1575,8
1576,6
1577,8
1578,7
1579,5
1580,6
1581,8
1582,1
1583,5
1584,6
1585,8
1586,1
1587,8
1588,8
1589,6
1590,1
1591,8
1592,6
1593,1
1594,5
1595,8
1596,7
1597,7
1598,8
1599,6
1600,3
1601,8
1602,7
1603,6
1604,8
1605,8
1606,8
1607,6
1608,5
1609,5
1610,5
1611,1
1612,8
1613,7
1614,5
1615,6
1616,8
1617,1
1618,6
1619,8
1620,8
1621,8
1622,8
1623,5
1624,6
1625,8
1626,6
1627,1
1628,7
1629,5
1630,7
1631,7
1632,5
1633,8
1634,5
1635,8
1636,8
1637,6
1638,3
1639,8
1640,8
1641,5
1642,1
1643,7
1644,6
1645,8
1646,8
1647,6
1648,8
1649,1
1650,5
1651,5
1652,8
1653,6
1654,8
1655,8
1656,5
1657,5
1658,8
1659,6
1660,7
1661,1
1662,8
1663,7
1664,7
1665,8
1666,5
1667,6
1668,3
1669,1
1670,7
1671,8
1672,8
1673,5
1674,8
1675,8
1676,6
1677,6
1678,6
1679,6
1680,6
1681,6
1682,8
1683,6
1684,5
1685,6
1686,5
1687,6
1688,6
1689,8
1690,6
1691,5
1692,8
1693,5
1694,6
1695,8
1696,6
1697,5
1698,6
1699,6
1700,8
1701,5
1702,7
1703,6
1704,8
1705,7
1706,8
1707,5
1708,7
1709,6
1710,6
1711,8
1712,7
1713,6
1714,3
1715,6
1716,8
1717,8
1718,6
1719,5
1720,6
1721,5
1722,5
1723,8
1724,5
1725,5
1726,6
1727,8
1728,8
1729,6
1730,6
1731,8
1732,5
1733,6
1734,5
1735,8
1736,6
1737,6
1738,8
1739,8
1740,7
1741,7
1742,8
1743,7
1744,6
1745,7
1746,5
1747,8
1748,5
1749,6
1750,5
1751,6
1752,5
1753,5
1754,3
1755,8
1756,5
1757,6
1758,8
1759,8
1760,8
1761,6
1762,6
1763,5
1764,6
1765,8
1766,6
1767,5
1768,8
1769,8
1770,5
1771,5
1772,7
1773,8
1774,6
1775,8
1776,7
1777,7
1778,6
1779,5
1780,5
1781,6
1782,7
1783,8
1784,5
1785,8
1786,6
1787,6
1788,8
1789,5
1790,3
1791,8
1792,8
1793,5
1794,8
1795,6
1796,6
1797,5
1798,5
1799,8
1800,6
1801,5
1802,7
1803,8
1804,7
1805,8
1806,8
1807,5
1808,6
1809,7
1810,6
1811,6
1812,6
1813,6
1814,6
1815,6
1816,8
1817,5
1818,6
1819,5
1820,6
1821,8
1822,7
1823,6
1824,6
1825,6
1826,6
1827,6
1828,8
1829,6
1830,5
1831,5
1832,6
1833,6
1834,8
1835,5
1836,5
1837,3
1838,6
1839,8
1840,6
1841,6
1842,8
1843,8
1844,6
1845,6
1846,8
1847,5
1848,5
1849,6
1850,7
1851,7
1852,6
1853,6
1854,6
1855,8
1856,7
1857,5
1858,6
1859,8
1860,8
1861,5
1862,6
1863,8
1864,5
1865,6
1866,8
1867,7
1868,5
1869,6
1870,5
1871,6
1872,5
1873,6
1874,6
1875,8
1876,8
1877,8
1878,3
1879,5
1880,6
1881,6
1882,6
1883,6
1884,8
1885,8
1886,7
1887,7
1888,5
1889,5
1890,5
1891,6
1892,8
1893,6
1894,6
1895,7
1896,8
1897,8
1898,5
1899,5
1900,6
1901,5
1902,7
1903,6
1904,6
1905,6
1906,8
1907,8
1908,5
1909,8
1910,6
1911,8
1912,6
1913,8
1914,5
1915,6
1916,5
1917,3
1918,6
1919,5
1920,7
1921,5
1922,7
1923,8
1924,6
1925,6
1926,5
1927,8
1928,5
1929,7
1930,8
1931,6
1932,8
1933,6
1934,8
1935,6
1936,6
1937,8
1938,5
1939,7
1940,5
1941,5
1942,6
1943,5
1944,6
1945,6
1946,6
1947,6
1948,6
1949,6
1950,6
1951,8
1952,6
1953,8
1954,6
1955,6
1956,8
1957,5
1958,6
1959,6
1960,7
1961,8
1962,8
1963,5
1964,3
1965,6
1966,6
1967,7
1968,6
1969,6
1970,5
1971,6
1972,6
1973,6
1974,7
1975,8
1976,6
1977,5
1978,6
1979,5
1980,5
1981,6
1982,8
1983,6
1984,8
1985,5
1986,5
1987,6
1988,6
1989,7
1990,8
1991,6
1992,6
1993,6
1994,5
1995,6
1996,8
1997,6
1998,8
1999,6
2000,6
2001,5
2002,7
2003,5
2004,6
2005,6
2006,8
2007,5
2008,7
2009,5
2010,5
2011,3
2012,6
2013,6
2014,5
2015,5
2016,5
2017,6
2018,7
2019,6
2020,8
2021,8
2022,6
2023,6
2024,6
2025,5
2026,6
2027,5
2028,8
2029,7
2030,6
2031,6
2032,6
2033,6
2034,5
2035,5
2036,8
2037,5
2038,8
2039,7
2040,5
2041,6
2042,5
2043,6
2044,5
2045,7
2046,6
2047,5
2048,6
2049,6
2050,3
2051,5
2052,6
2053,8
2054,8
2055,6
2056,7
2057,8
2058,5
2059,6
2060,5
2061,6
2062,6
2063,5
2064,6
2065,5
2066,6
2067,7
2068,5
2069,5
2070,8
2071,5
2072,6
2073,5
2074,6
2075,7
2076,6
2077,8
2078,5
2079,5
2080,6
2081,7
2082,2
2083,2
2084,2
2085,2
2086,6
2087,2
2088,6
2089,6
2090,2
2091,5
2092,5
2093,2
2094,2
2095,8
2096,3
2097,5
2098,5
2099,2
2100,6
2101,5
2102,7
2103,2
2104,6
2105,2
2106,5
2107,6
2108,2
2109,5
2110,6
2111,6
2112,5
2113,2
2114,2
2115,5
2116,5
2117,6
2118,8
2119,2
2120,6
2121,5
2122,7
2123,7
2124,6
2125,2
2126,5
2127,6
2128,5
2129,5
2130,5
2131,2
2132,6
2133,5
2134,7
2135,5
2136,6
2137,2
2138,5
2139,2
2140,8
2141,6
2142,6
2143,6
2144,2
2145,5
2146,3
2147,7
2148,6
2149,2
2150,6
2151,5
2152,5
2153,5
2154,5
2155,2
2156,5
2157,5
2158,5
2159,6
2160,6
2161,6
2162,7
2163,2
2164,6
2165,6
2166,5
2167,5
2168,5
2169,7
2170,2
2171,6
2172,7
2173,6
2174,2
2175,5
2176,6
2177,5
2178,5
2179,6
2180,2
2181,6
2182,6
2183,5
2184,5
2185,6
2186,7
2187,2
2188,5
2189,3
2190,5
2191,6
2192,5
2193,5
2194,5
2195,6
2196,2
2197,5
2198,5
2199,6
2200,7
2201,5
2202,6
2203,6
2204,2
2205,6
2206,3
2207,6
2208,5
2209,2
2210,5
2211,7
2212,5
2213,5
2214,6
2215,6
2216,6
2217,2
2218,5
2219,6
2220,2
2221,2
2222,5
2223,2
2224,6
2225,5
2226,2
2227,2
2228,5
2229,2
2230,5
2231,2
2232,6
2233,7
2234,2
2235,5
2236,6
2237,2
2238,5
2239,2
2240,3
2241,2
2242,2
2243,6
2244,2
2245,5
2246,7
2247,6
2248,5
2249,2
2250,5
2251,6
2252,5
2253,5
2254,2
2255,2
2256,6
2257,6
2258,2
2259,5
2260,3
2261,2
2262,7
2263,2
2264,6
2265,5
2266,2
2267,6
2268,6
2269,2
2270,6
2271,5
2272,2
2273,5
2274,2
2275,5
2276,6
2277,5
2278,6
2279,5
2280,5
2281,5
2282,2
2283,3
2284,2
2285,5
2286,5
2287,2
2288,5
2289,6
2290,6
2291,6
2292,3
2293,7
2294,6
2295,2
2296,2
2297,2
2298,5
2299,6
2300,5
2301,2
2302,6
2303,6
2304,2
2305,7
2306,3
2307,5
2308,5
2309,6
2310,6
2311,2
2312,5
2313,5
2314,5
2315,5
2316,2
2317,5
2318,2
2319,6
2320,5
2321,5
2322,6
2323,6
2324,2
2325,5
2326,2
2327,3
2328,6
2329,6
2330,2
2331,5
2332,7
2333,6
2334,5
2335,3
2336,6
2337,2
2338,5
2339,2
2340,5
2341,2
2342,6
2343,6
2344,6
2345,5
2346,5
2347,3
2348,5
2349,2
2350,6
2351,5
2352,5
2353,3
2354,2
2355,5
2356,6
2357,5
2358,2
2359,2
2360,6
2361,5
2362,5
2363,6
2364,2
2365,2
2366,5
2367,2
2368,2
2369,5
2370,2
2371,6
2372,2
2373,2
2374,3
2375,2
2376,6
2377,6
2378,3
2379,2
2380,2
2381,2
2382,5
2383,6
2384,2
2385,2
2386,5
2387,2
2388,3
2389,2
2390,5
2391,5
2392,6
2393,2
2394,2
2395,2
2396,5
2397,6
2398,5
2399,2
2400,3
2401,6
2402,5
2403,6
2404,5
2405,6
2406,2
2407,2
2408,3
2409,5
2410,5
2411,2
2412,2
2413,5
2414,5
2415,2
2416,6
2417,2
2418,6
2419,6
2420,2
2421,5
2422,2
2423,2
2424,3
2425,3
2426,6
2427,2
2428,6
2429,2
2430,5
2431,5
2432,5
2433,5
2434,2
2435,6
2436,5
2437,2
2438,6
2439,6
2440,2
2441,5
2442,5
2443,2
2444,5
2445,3
2446,5
2447,3
2448,2
2449,2
2450,2
2451,6
2452,6
2453,5
2454,6
2455,2
2456,5
2457,3
2458,6
2459,6
2460,2
2461,2
2462,5
2463,5
2464,2
2465,5
2466,2
2467,6
2468,3
2469,5
2470,5
2471,2
2472,3
2473,5
2474,5
2475,6
2476,2
2477,6
2478,5
2479,6
2480,2
2481,6
2482,5
2483,2
2484,2
2485,6
2486,5
2487,2
2488,5
2489,3
2490,3
2491,5
2492,5
2493,2
2494,3
2495,2
2496,6
2497,6
2498,2
2499,6
2500,3
2501,6
2502,6
2503,5
2504,2
2505,2
2506,5
2507,5
2508,2
2509,2
2510,2
2511,2
2512,2
2513,2
2514,3
2515,5
2516,5
2517,2
2518,2
2519,2
2520,6
2521,2
2522,3
2523,5
2524,2
2525,2
2526,5
2527,6
2528,6
2529,2
2530,5
2531,5
2532,6
2533,2
2534,5
2535,2
2536,2
2537,2
2538,6
2539,2
2540,2
2541,2
2542,2
2543,6
2544,3
2545,5
2546,3
2547,2
2548,6
2549,3
2550,2
2551,2
2552,2
2553,5
2554,2
2555,6
2556,6
2557,5
2558,2
2559,5
2560,5
2561,5
2562,3
2563,2
2564,5
2565,2
2566,5
2567,2
2568,6
2569,6
2570,3
2571,5
2572,2
2573,6
2574,2
2575,2
2576,2
2577,5
2578,3
2579,2
2580,6
2581,5
2582,6
2583,2
2584,2
2585,2
2586,2
2587,6
2588,5
2589,6
2590,5
2591,3
2592,2
2593,3
2594,6
2595,5
2596,2
2597,5
2598,5
2599,2
2600,2
2601,5
2602,2
2603,3
2604,5
2605,6
2606,5
2607,2
2608,2
2609,6
2610,6
2611,6
2612,3
2613,2
2614,2
2615,3
2616,5
2617,5
2618,5
2619,2
2620,2
2621,2
2622,5
2623,6
2624,3
2625,6
2626,6
2627,2
2628,2
2629,2
2630,5
2631,6
2632,5
2633,6
2634,5
2635,2
2636,2
2637,3
2638,5
2639,5
2640,3
2641,2
2642,2
2643,2
2644,5
2645,6
2646,5
2647,5
2648,6
2649,6
2650,5
2651,3
2652,2
2653,2
2654,2
2655,6
2656,2
2657,2
2658,2
2659,2
2660,2
2661,2
2662,2
2663,3
2664,6
2665,2
2666,3
2667,2
2668,3
2669,2
2670,5
2671,2
2672,2
2673,6
2674,2
2675,2
2676,2
2677,5
2678,2
2679,5
2680,2
2681,3
2682,2
2683,5
2684,6
2685,2
2686,6
2687,5
2688,6
2689,5
2690,2
2691,2
2692,2
2693,3
2694,5
2695,2
2696,5
2697,6
2698,6
2699,3
2700,2
2701,5
2702,2
2703,2
2704,2
2705,2
2706,2
2707,5
2708,2
2709,2
2710,6
2711,6
2712,2
2713,3
2714,3
2715,3
2716,2
2717,6
2718,5
2719,2
2720,2
2721,2
2722,6
2723,5
2724,2
2725,5
2726,3
2727,5
2728,6
2729,2
2730,5
2731,5
2732,5
2733,2
2734,2
2735,2
2736,3
2737,2
2738,6
2739,3
2740,2
2741,6
2742,2
2743,6
2744,5
2745,5
2746,2
2747,2
2748,6
2749,2
2750,3
2751,5
2752,2
2753,2
2754,6
2755,2
2756,6
2757,2
2758,2
2759,5
2760,5
2761,3
2762,5
2763,2
2764,5
2765,6
2766,6
2767,3
2768,2
2769,2
2770,5
2771,3
2772,2
2773,5
2774,2
2775,3
2776,6
2777,2
2778,5
2779,2
2780,2
2781,6
2782,5
2783,2
2784,6
2785,3
2786,3
2787,6
2788,5
2789,2
2790,6
2791,2
2792,2
2793,2
2794,5
2795,3
2796,5
2797,5
2798,2
2799,2
2800,2
2801,2
2802,2
2803,2
2804,2
2805,5
2806,2
2807,2
2808,5
2809,2
2810,2
2811,3
2812,6
2813,2
2814,6
2815,6
2816,2
2817,2
2818,6
2819,2
2820,2
2821,5
2822,3
2823,5
2824,5
2825,2
2826,2
2827,6
2828,2
2829,2
2830,2
2831,2
2832,3
2833,2
2834,2
2835,2
2836,5
2837,2
2838,3
2839,2
2840,2
2841,5
2842,3
2843,6
2844,6
2845,2
2846,3
2847,6
2848,2
2849,6
2850,5
2851,2
2852,5
2853,5
2854,2
2855,6
2856,2
2857,2
2858,2
2859,6
2860,5
2861,5
2862,3
2863,2
2864,5
2865,2
2866,3
2867,2
2868,6
2869,2
2870,2
2871,6
2872,2
2873,5
2874,2
2875,5
2876,2
2877,3
2878,6
2879,6
2880,2
2881,6
2882,2
2883,2
2884,6
2885,2
2886,2
2887,5
2888,5
2889,3
2890,5
2891,5
2892,3
2893,6
2894,2
2895,5
2896,2
2897,3
2898,2
2899,6
2900,5
2901,6
2902,2
2903,2
2904,3
2905,5
2906,2
2907,2
2908,2
2909,5
2910,6
2911,3
2912,3
2913,6
2914,6
2915,2
2916,2
2917,2
2918,5
2919,6
2920,2
2921,6
2922,2
2923,2
2924,6
2925,5
2926,3
2927,2
2928,2
2929,5
2930,5
2931,2
2932,5
2933,5
2934,5
2935,2
2936,2
2937,6
2938,3
2939,2
2940,6
2941,2
2942,6
2943,6
2944,5
2945,5
2946,2
2947,6
2948,3
2949,2
2950,2
2951,2
2952,2
2953,2
2954,3
2955,2
2956,6
2957,2
2958,2
2959,2
2960,3
2961,2
2962,2
2963,2
2964,2
2965,5
2966,2
2967,2
2968,3
2969,5
2970,2
2971,2
2972,3
2973,2
2974,6
2975,6
2976,2
2977,2
2978,5
2979,2
2980,5
2981,6
2982,6
2983,5
2984,2
2985,3
2986,2
2987,5
2988,2
2989,2
2990,2
2991,6
2992,6
2993,2
2994,5
2995,2
2996,5
2997,2
2998,2
2999,2
3000,5
3001,6
3002,3
3003,2
3004,6
3005,5
3006,2
3007,2
3008,2
3009,2
3010,2
3011,2
3012,6
3013,6
3014,2
3015,3
3016,3
3017,6
3018,5
3019,2
3020,5
3021,3
3022,2
3023,3
3024,2
3025,5
3026,2
3027,6
3028,5
3029,6
3030,2
3031,3
3032,5
3033,2
3034,6
3035,2
3036,5
3037,2
3038,2
3039,2
3040,3
3041,2
3042,2
3043,5
3044,5
3045,6
3046,2
3047,5
3048,6
3049,6
3050,2
3051,2
3052,2
3053,6
3054,3
3055,2
3056,2
3057,2
3058,6
3059,6
3060,2
3061,5
3062,5
3063,2
3064,5
3065,5
3066,2
3067,5
3068,2
3069,2
3070,3
3071,2
3072,6
3073,3
3074,3
3075,6
3076,5
3077,6
3078,3
3079,2
3080,5
3081,2
3082,6
3083,2
3084,2
3085,2
3086,3
3087,6
3088,2
3089,5
3090,2
3091,5
3092,6
3093,2
3094,3
3095,2
3096,2
3097,2
3098,2
3099,2
3100,2
3101,2
3102,2
3103,2
3104,2
3105,5
3106,2
3107,6
3108,2
3109,5
3110,2
3111,6
3112,6
3113,5
3114,3
3115,2
3116,2
3117,2
3118,5
3119,2
3120,6
3121,6
3122,5
3123,2
3124,2
3125,5
3126,2
3127,2
3128,2
3129,2
3130,2
3131,2
3132,5
3133,3
3134,2
3135,2
3136,2
3137,6
3138,6
3139,2
3140,2
3141,3
3142,2
3143,3
3144,3
3145,2
3146,2
3147,2
3148,6
3149,6
3150,2
3151,5
3152,3
3153,2
3154,5
3155,6
3156,5
3157,5
3158,5
3159,2
3160,6
3161,3
3162,2
3163,2
3164,2
3165,2
3166,2
3167,5
3168,5
3169,2
3170,6
3171,2
3172,2
3173,3
3174,2
3175,5
3176,2
3177,2
3178,6
3179,6
3180,2
3181,5
3182,6
3183,6
3184,2
3185,2
3186,3
3187,2
3188,2
3189,2
3190,2
3191,2
3192,6
3193,6
3194,2
3195,5
3196,5
3197,2
3198,2
3199,5
3200,5
3201,5
3202,5
3203,3
3204,3
3205,2
3206,2
3207,2
3208,3
3209,2
3210,3
3211,6
3212,5
3213,6
3214,2
3215,6
3216,2
3217,6
3218,2
3219,3
3220,2
3221,2
3222,2
3223,2
3224,6
3225,5
3226,3
3227,5
3228,6
3229,2
3230,2
3231,2
3232,2
3233,2
3234,5
3235,5
3236,2
3237,3
3238,2
3239,2
3240,5
3241,4
3242,6
3243,4
3244,6
3245,4
3246,4
3247,4
3248,5
3249,2
3250,4
3251,5
3252,4
3253,2
3254,6
3255,6
3256,4
3257,6
3258,2
3259,4
3260,2
3261,2
3262,4
3263,5
3264,5
3265,2
3266,4
3267,2
3268,4
3269,2
3270,3
3271,6
3272,3
3273,4
3274,2
3275,3
3276,2
3277,4
3278,3
3279,2
3280,3
3281,6
3282,2
3283,2
3284,2
3285,4
3286,6
3287,5
3288,5
3289,2
3290,4
3291,5
3292,6
3293,5
3294,3
3295,5
3296,4
3297,6
3298,2
3299,2
3300,2
3301,4
3302,2
3303,6
3304,5
3305,2
3306,2
3307,3
3308,4
3309,2
3310,5
3311,2
3312,4
3313,6
3314,2
3315,5
3316,6
3317,2
3318,4
3319,6
3320,6
3321,5
3322,2
3323,4
3324,2
3325,2
3326,2
3327,2
3328,6
3329,4
3330,2
3331,5
3332,5
3333,2
3334,5
3335,2
3336,3
3337,5
3338,3
3339,4
3340,5
3341,6
3342,3
3343,3
3344,2
3345,3
3346,2
3347,4
3348,2
3349,6
3350,5
3351,6
3352,3
3353,6
3354,2
3355,6
3356,2
3357,2
3358,4
3359,2
3360,2
3361,2
3362,5
3363,3
3364,4
3365,5
3366,6
3367,2
3368,4
3369,2
3370,2
3371,5
3372,5
3373,2
3374,5
3375,2
3376,2
3377,6
3378,4
3379,6
3380,6
3381,5
3382,5
3383,2
3384,6
3385,2
3386,4
3387,6
3388,4
3389,4
3390,2
3391,4
3392,4
3393,2
3394,4
3395,5
3396,2
3397,4
3398,5
3399,4
3400,4
3401,2
3402,4
3403,3
3404,3
3405,4
3406,3
3407,2
3408,4
3409,6
3410,3
3411,2
3412,4
3413,3
3414,4
3415,2
3416,4
3417,6
3418,2
3419,2
3420,3
3421,5
3422,2
3423,5
3424,6
3425,4
3426,4
3427,5
3428,2
3429,3
3430,4
3431,6
3432,5
3433,4
3434,6
3435,2
3436,2
3437,4
3438,2
3439,6
3440,5
3441,4
3442,5
3443,2
3444,4
3445,2
3446,2
3447,5
3448,4
3449,4
3450,6
3451,2
3452,5
3453,4
3454,6
3455,2
3456,6
3457,5
3458,2
3459,4
3460,4
3461,2
3462,2
3463,4
3464,2
3465,2
3466,6
3467,2
3468,5
3469,6
3470,4
3471,3
3472,5
3473,2
3474,4
3475,3
3476,3
3477,5
3478,5
3479,6
3480,3
3481,4
3482,3
3483,2
3484,2
3485,4
3486,6
3487,5
3488,4
3489,3
3490,2
3491,2
3492,6
3493,3
3494,2
3495,6
3496,2
3497,4
3498,4
3499,2
3500,2
3501,5
3502,5
3503,5
3504,4
3505,2
3506,6
3507,4
3508,2
3509,4
3510,5
3511,4
3512,6
3513,5
3514,2
3515,2
3516,6
3517,6
3518,2
3519,4
3520,5
3521,4
3522,5
3523,6
3524,2
3525,2
3526,4
3527,6
3528,2
3529,4
3530,5
3531,5
3532,4
3533,4
3534,4
3535,4
3536,3
3537,3
3538,4
3539,4
3540,4
3541,4
3542,3
3543,3
3544,2
3545,4
3546,2
3547,6
3548,4
3549,4
3550,3
3551,4
3552,4
3553,3
3554,4
3555,2
3556,2
3557,4
3558,2
3559,4
3560,5
3561,5
3562,6
3563,4
3564,3
3565,2
3566,4
3567,6
3568,4
3569,3
3570,6
3571,5
3572,6
3573,4
3574,4
3575,4
3576,2
3577,4
3578,4
3579,6
3580,5
3581,2
3582,5
3583,2
3584,4
3585,2
3586,5
3587,4
3588,4
3589,4
3590,6
3591,4
3592,2
3593,5
3594,4
3595,6
3596,5
3597,2
3598,4
3599,4
3600,2
3601,2
3602,4
3603,4
3604,2
3605,2
3606,6
3607,4
3608,3
3609,4
3610,4
3611,6
3612,3
3613,3
3614,6
3615,5
3616,5
3617,5
3618,3
3619,3
3620,4
3621,6
3622,4
3623,2
3624,4
3625,4
3626,2
3627,3
3628,5
3629,2
3630,3
3631,2
3632,4
3633,6
3634,2
3635,6
3636,4
3637,4
3638,4
3639,2
3640,5
3641,5
3642,4
3643,3
3644,5
3645,2
3646,6
3647,4
3648,4
3649,4
3650,4
3651,5
3652,2
3653,2
3654,6
3655,6
3656,4
3657,2
3658,2
3659,6
3660,4
3661,5
3662,3
3663,2
3664,4
3665,2
3666,6
3667,4
3668,4
3669,6
3670,5
3671,4
3672,4
3673,5
3674,3
3675,3
3676,4
3677,4
3678,4
3679,4
3680,2
3681,3
3682,4
3683,3
3684,2
3685,4
3686,4
3687,4
3688,6
3689,4
3690,4
3691,4
3692,4
3693,3
3694,3
3695,2
3696,4
3697,2
3698,4
3699,2
3700,3
3701,4
3702,5
3703,4
3704,2
3705,4
3706,3
3707,3
3708,6
3709,4
3710,4
3711,4
3712,6
3713,6
3714,6
3715,4
3716,2
3717,4
3718,4
3719,2
3720,6
3721,2
3722,4
3723,5
3724,5
3725,3
3726,4
3727,4
3728,4
3729,3
3730,4
3731,4
3732,6
3733,2
3734,4
3735,5
3736,4
3737,2
3738,2
3739,4
3740,5
3741,4
3742,2
3743,4
3744,2
3745,4
3746,4
3747,2
3748,4
3749,6
3750,3
3751,3
3752,3
3753,6
3754,4
3755,4
3756,6
3757,5
3758,4
3759,4
3760,3
3761,6
3762,3
3763,3
3764,6
3765,4
3766,4
3767,2
3768,2
3769,2
3770,2
3771,3
3772,4
3773,3
3774,4
3775,5
3776,4
3777,6
3778,2
3779,4
3780,2
3781,4
3782,3
3783,5
3784,4
3785,3
3786,4
3787,4
3788,4
3789,5
3790,6
3791,4
3792,2
3793,2
3794,4
3795,5
3796,2
3797,6
3798,3
3799,2
3800,6
3801,4
3802,4
3803,4
3804,6
3805,4
3806,2
3807,6
3808,4
3809,2
3810,4
3811,3
3812,6
3813,4
3814,4
3815,3
3816,2
3817,4
3818,4
3819,4
3820,4
3821,4
3822,3
3823,3
3824,5
3825,2
3826,4
3827,4
3828,4
3829,3
3830,4
3831,3
3832,4
3833,4
3834,6
3835,4
3836,4
3837,3
3838,4
3839,2
3840,3
3841,4
3842,2
3843,4
3844,2
3845,4
3846,4
3847,4
3848,5
3849,3
3850,4
3851,3
3852,2
3853,4
3854,3
3855,6
3856,4
3857,2
3858,6
3859,6
3860,4
3861,4
3862,2
3863,4
3864,4
3865,6
3866,4
3867,4
3868,6
3869,3
3870,3
3871,4
3872,4
3873,4
3874,4
3875,2
3876,3
3877,4
3878,6
3879,2
3880,2
3881,2
3882,4
3883,4
3884,4
3885,5
3886,4
3887,3
3888,3
3889,2
3890,4
3891,4
3892,4
3893,2
3894,4
3895,4
3896,3
3897,3
3898,4
3899,6
3900,6
3901,3
3902,4
3903,4
3904,3
3905,4
3906,3
3907,2
3908,4
3909,6
3910,6
3911,3
3912,3
3913,2
3914,4
3915,2
3916,3
3917,4
3918,2
3919,4
3920,6
3921,3
3922,4
3923,2
3924,6
3925,4
3926,4
3927,4
3928,3
3929,4
3930,3
3931,4
3932,3
3933,4
3934,2
3935,2
3936,5
3937,4
3938,4
3939,4
3940,4
3941,4
3942,2
3943,2
3944,3
3945,6
3946,3
3947,2
3948,6
3949,6
3950,4
3951,4
3952,4
3953,4
3954,4
3955,2
3956,4
3957,4
3958,4
3959,6
3960,4
3961,4
3962,4
3963,6
3964,4
3965,3
3966,4
3967,4
3968,2
3969,4
3970,4
3971,4
3972,3
3973,4
3974,3
3975,3
3976,4
3977,4
3978,6
3979,3
3980,4
3981,3
3982,2
3983,4
3984,2
3985,3
3986,4
3987,2
3988,2
3989,4
3990,4
3991,3
3992,4
3993,4
3994,4
3995,3
3996,4
3997,4
3998,4
3999,2
4000,4
4001,3
4002,3
4003,4
4004,3
4005,2
4006,6
4007,6
4008,3
4009,4
4010,4
4011,6
4012,4
4013,4
4014,6
4015,4
4016,4
4017,3
4018,6
4019,4
4020,2
4021,4
4022,4
4023,2
4024,3
4025,4
4026,4
4027,2
4028,4
4029,2
4030,3
4031,2
4032,4
4033,4
4034,4
4035,6
4036,4
4037,4
4038,3
4039,4
4040,3
4041,2
4042,4
4043,4
4044,4
4045,4
4046,6
4047,6
4048,3
4049,2
4050,4
4051,4
4052,3
4053,2
4054,4
4055,4
4056,3
4057,6
4058,3
4059,4
4060,3
4061,6
4062,2
4063,4
4064,3
4065,3
4066,2
4067,3
4068,2
4069,3
4070,4
4071,4
4072,4
4073,6
4074,4
4075,3
4076,4
4077,4
4078,4
4079,4
4080,3
4081,4
4082,2
4083,4
4084,4
4085,4
4086,4
4087,4
4088,4
4089,3
4090,2
4091,4
4092,3
4093,4
4094,4
4095,2
4096,3
4097,4
4098,2
4099,4
4100,4
4101,4
4102,4
4103,4
4104,4
4105,6
4106,4
4107,4
4108,3
4109,6
4110,6
4111,2
4112,4
4113,4
4114,4
4115,3
4116,4
4117,4
4118,2
4119,6
4120,4
4121,4
4122,4
4123,3
4124,4
4125,4
4126,2
4127,4
4128,4
4129,4
4130,2
4131,2
4132,3
4133,4
4134,3
4135,6
4136,4
4137,4
4138,2
4139,3
4140,4
4141,3
4142,3
4143,4
4144,4
4145,3
4146,4
4147,3
4148,4
4149,4
4150,4
4151,4
4152,2
4153,3
4154,4
4155,3
4156,4
4157,6
4158,6
4159,3
4160,3
4161,4
4162,4
4163,4
4164,3
4165,6
4166,3
4167,2
4168,2
4169,2
4170,4
4171,4
4172,4
4173,4
4174,4
4175,4
4176,2
4177,6
4178,4
4179,3
4180,2
4181,3
4182,4
4183,4
4184,4
4185,4
4186,3
4187,4
4188,4
4189,4
4190,4
4191,3
4192,2
4193,4
4194,3
4195,4
4196,4
4197,2
4198,3
4199,4
4200,2
4201,4
4202,4
4203,4
4204,4
4205,4
4206,4
4207,4
4208,6
4209,4
4210,4
4211,4
4212,4
4213,6
4214,4
4215,2
4216,4
4217,4
4218,2
4219,3
4220,4
4221,3
4222,4
4223,4
4224,4
4225,3
4226,3
4227,3
4228,4
4229,3
4230,2
4231,4
4232,4
4233,3
4234,3
4235,3
4236,4
4237,4
4238,4
4239,3
4240,6
4241,4
4242,4
4243,2
4244,2
4245,4
4246,4
4247,3
4248,4
4249,4
4250,4
4251,4
4252,2
4253,4
4254,3
4255,4
4256,4
4257,4
4258,4
4259,4
4260,4
4261,3
4262,3
4263,4
4264,3
4265,2
4266,4
4267,3
4268,4
4269,6
4270,2
4271,4
4272,3
4273,4
4274,4
4275,3
4276,4
4277,2
4278,4
4279,4
4280,4
4281,3
4282,4
4283,4
4284,2
4285,3
4286,4
4287,4
4288,2
4289,4
4290,2
4291,4
4292,3
4293,4
4294,4
4295,4
4296,3
4297,3
4298,4
4299,4
4300,4
4301,4
4302,3
4303,3
4304,4
4305,3
4306,2
4307,4
4308,4
4309,3
4310,4
4311,4
4312,4
4313,4
4314,3
4315,4
4316,4
4317,4
4318,4
4319,4
4320,3
4321,4
4322,2
4323,4
4324,4
4325,4
4326,2
4327,6
4328,4
4329,3
4330,4
4331,4
4332,4
4333,4
4334,3
4335,2
4336,4
4337,4
4338,4
4339,3
4340,3
4341,3
4342,2
4343,4
4344,3
4345,4
4346,4
4347,3
4348,2
4349,4
4350,4
4351,4
4352,4
4353,4
4354,3
4355,4
4356,4
4357,3
4358,4
4359,4
4360,4
4361,4
4362,2
4363,4
4364,4
4365,3
4366,4
4367,4
4368,4
4369,2
4370,4
4371,3
4372,4
4373,4
4374,3
4375,4
4376,4
4377,4
4378,3
4379,3
4380,2
4381,4
4382,4
4383,2
4384,4
4385,3
4386,4
4387,2
4388,4
4389,6
4390,4
4391,4
4392,4
4393,4
4394,4
4395,4
4396,4
4397,4
4398,4
4399,2
4400,4
4401,4
4402,4
4403,4
4404,4
4405,3
4406,2
4407,4
4408,4
4409,3
4410,3
4411,4
4412,4
4413,4
4414,3
4415,4
4416,3
4417,4
4418,4
4419,4
4420,2
4421,2
4422,4
4423,3
4424,4
4425,4
4426,3
4427,4
4428,3
4429,4
4430,3
4431,3
4432,4
4433,4
4434,4
4435,4
4436,3
4437,4
4438,4
4439,4
4440,4
4441,4
4442,3
4443,2
4444,4
4445,4
4446,4
4447,4
4448,4
4449,4
4450,4
4451,4
4452,4
4453,4
4454,4
4455,4
4456,4
4457,4
4458,4
4459,4
4460,3
4461,4
4462,2
4463,4
4464,4
4465,4
4466,2
4467,3
4468,3
4469,2
4470,4
4471,4
4472,4
4473,4
4474,3
4475,4
4476,4
4477,4
4478,2
4479,4
4480,3
4481,4
4482,3
4483,4
4484,2
4485,4
4486,4
4487,4
4488,4
4489,4
4490,4
4491,4
4492,4
4493,4
4494,4
4495,4
4496,4
4497,4
4498,2
4499,4
4500,4
4501,4
4502,3
4503,4
4504,4
4505,4
4506,4
4507,3
4508,4
4509,4
4510,4
4511,4
4512,3
4513,4
4514,4
4515,4
4516,4
4517,4
4518,4
4519,4
4520,4
4521,4
4522,4
4523,4
4524,4
4525,4
4526,4
4527,4
4528,4
4529,4
4530,4
4531,4
4532,4
4533,2
4534,3
4535,4
4536,4
4537,4
4538,4
4539,4
4540,4
4541,4
4542,4
4543,4
4544,2
4545,4
4546,4
4547,4
4548,4
4549,4
4550,4
4551,4
4552,4
4553,4
4554,3
4555,4
4556,4
4557,4
4558,4
4559,4
4560,4
4561,4
4562,4
4563,4
4564,4
4565,4
4566,4
4567,4
4568,4
4569,4
4570,4
4571,4
4572,4
4573,4
4574,4
4575,4
4576,3
4577,4
4578,4
4579,4
4580,4
4581,4
4582,4
4583,4
4584,4
4585,4
4586,4
4587,3
4588,4
4589,4
4590,4
4591,4
4592,4
4593,4
4594,4
4595,4
4596,4
4597,4
4598,3
4599,4
4600,4
4601,2
4602,3
4603,4
4604,4
4605,4
4606,3
4607,2
4608,4
4609,4
4610,3
4611,4
4612,2
4613,2
4614,4
4615,4
4616,3
4617,4
4618,4
4619,4
4620,4
4621,4
4622,4
4623,4
4624,3
4625,4
4626,2
4627,4
4628,4
4629,3
4630,4
4631,3
4632,4
4633,4
4634,3
4635,4
4636,3
4637,4
4638,4
4639,4
4640,2
4641,3
4642,3
4643,2
4644,4
4645,4
4646,4
4647,4
4648,4
4649,3
4650,3
4651,4
4652,4
4653,4
4654,4
4655,4
4656,2
4657,4
4658,3
4659,4
4660,4
4661,4
4662,3
4663,4
4664,4
4665,4
4666,3
4667,3
4668,4
4669,4
4670,2
4671,2
4672,4
4673,4
4674,2
4675,4
4676,2
4677,2
4678,3
4679,4
4680,3
4681,3
4682,4
4683,2
4684,3
4685,4
4686,4
4687,4
4688,4
4689,4
4690,3
4691,4
4692,2
4693,4
4694,3
4695,3
4696,4
4697,3
4698,3
4699,4
4700,3
4701,4
4702,3
4703,3
4704,3
4705,2
4706,4
4707,4
4708,4
4709,3
4710,2
4711,4
4712,3
4713,2
4714,2
4715,3
4716,4
4717,4
4718,4
4719,2
4720,4
4721,3
4722,2
4723,3
4724,3
4725,4
4726,3
4727,2
4728,4
4729,3
4730,4
4731,4
4732,4
4733,3
4734,4
4735,3
4736,2
4737,3
4738,4
4739,4
4740,3
4741,4
4742,3
4743,4
4744,2
4745,2
4746,4
4747,4
4748,2
4749,4
4750,2
4751,3
4752,4
4753,3
4754,2
4755,3
4756,4
4757,2
4758,3
4759,3
4760,4
4761,3
4762,4
4763,4
4764,3
4765,3
4766,2
4767,3
4768,4
4769,3
4770,3
4771,3
4772,4
4773,4
4774,4
4775,4
4776,3
4777,3
4778,3
4779,4
4780,2
4781,2
4782,2
4783,4
4784,4
4785,2
4786,4
4787,4
4788,3
4789,3
4790,3
4791,2
4792,3
4793,3
4794,2
4795,4
4796,4
4797,2
4798,4
4799,4
4800,3
4801,3
4802,3
4803,4
4804,4
4805,3
4806,3
4807,4
4808,2
4809,2
4810,4
4811,2
4812,4
4813,3
4814,3
4815,2
4816,3
4817,2
4818,3
4819,3
4820,3
4821,3
4822,4
4823,4
4824,2
4825,4
4826,4
4827,3
4828,3
4829,3
4830,3
4831,4
4832,3
4833,2
4834,4
4835,3
4836,3
4837,4
4838,4
4839,2
4840,2
4841,3
4842,4
4843,2
4844,2
4845,4
4846,3
4847,3
4848,3
4849,2
4850,3
4851,4
4852,4
4853,4
4854,4
4855,2
4856,4
4857,3
4858,3
4859,3
4860,3
4861,3
4862,2
4863,2
4864,3
4865,3
4866,2
4867,4
4868,2
4869,3
4870,3
4871,4
4872,4
4873,3
4874,2
4875,4
4876,4
4877,3
4878,3
4879,2
4880,3
4881,3
4882,3
4883,3
4884,4
4885,3
4886,2
4887,3
4888,4
4889,2
4890,2
4891,4
4892,4
4893,3
4894,3
4895,2
4896,2
4897,4
4898,3
4899,2
4900,3
4901,2
4902,3
4903,3
4904,4
4905,4
4906,2
4907,4
4908,3
4909,4
4910,2
4911,2
4912,3
4913,3
4914,3
4915,2
4916,3
4917,3
4918,3
4919,2
4920,3
4921,3
4922,4
4923,2
4924,3
4925,3
4926,3
4927,3
4928,4
4929,2
4930,4
4931,3
4932,2
4933,3
4934,3
4935,4
4936,3
4937,2
4938,3
4939,2
4940,3
4941,2
4942,4
4943,3
4944,2
4945,3
4946,2
4947,2
4948,3
4949,4
4950,3
4951,2
4952,2
4953,3
4954,3
4955,2
4956,3
4957,3
4958,3
4959,4
4960,3
4961,3
4962,3
4963,4
4964,3
4965,2
4966,2
4967,3
4968,2
4969,3
4970,3
4971,2
4972,3
4973,3
4974,2
4975,3
4976,4
4977,4
4978,3
4979,3
4980,2
4981,3
4982,2
4983,3
4984,3
4985,3
4986,2
4987,2
4988,3
4989,4
4990,3
4991,2
4992,2
4993,3
4994,3
4995,2
4996,3
4997,2
4998,3
4999,3
5000,3
5001,2
5002,3
5003,3
5004,3
5005,3
5006,3
5007,2
5008,3
5009,4
5010,2
5011,3
5012,3
5013,3
5014,2
5015,3
5016,3
5017,3
5018,3
5019,2
5020,2
5021,2
5022,4
5023,3
5024,3
5025,3
5026,3
5027,2
5028,2
5029,2
5030,3
5031,3
5032,3
5033,3
5034,4
5035,2
5036,3
5037,3
5038,3
5039,3
5040,3
5041,2
5042,3
5043,3
5044,2
5045,3
5046,3
5047,3
5048,3
5049,2
5050,3
5051,3
5052,2
5053,2
5054,3
5055,3
5056,3
5057,3
5058,3
5059,3
5060,3
5061,2
5062,3
5063,3
5064,2
5065,2
5066,2
5067,3
5068,3
5069,3
5070,3
5071,2
5072,3
5073,3
5074,3
5075,3
5076,3
5077,3
5078,3
5079,2
5080,3
5081,3
5082,3
5083,2
5084,2
5085,3
5086,3
5087,3
5088,3
5089,2
5090,3
5091,3
5092,3
5093,2
5094,3
5095,3
5096,2
5097,3
5098,2
5099,3
5100,2
5101,3
5102,3
5103,3
5104,3
5105,3
5106,3
5107,3
5108,3
5109,3
5110,3
5111,3
5112,3
5113,2
5114,3
5115,3
5116,3
5117,2
5118,2
5119,3
5120,3
5121,3
5122,3
5123,3
5124,3
5125,3
5126,3
5127,3
5128,3
5129,3
5130,3
5131,3
5132,2
5133,2
5134,3
5135,2
5136,3
5137,3
5138,3
5139,3
5140,3
5141,3
5142,3
5143,3
5144,3
5145,3
5146,3
5147,2
5148,3
5149,3
5150,3
5151,2
5152,2
5153,3
5154,3
5155,3
5156,3
5157,3
5158,3
5159,3
5160,3
5161,3
5162,2
5163,3
5164,3
5165,3
5166,2
5167,3
5168,3
5169,2
5170,3
5171,3
5172,3
5173,3
5174,3
5175,3
5176,3
5177,3
5178,3
5179,3
5180,3
5181,3
5182,3
5183,3
5184,3
5185,3
5186,2
5187,3
5188,3
5189,2
5190,3
5191,3
5192,3
5193,3
5194,3
5195,3
5196,3
5197,2
5198,3
5199,3
5200,3
5201,3
5202,3
5203,3
5204,3
5205,3
5206,3
5207,3
5208,3
5209,3
5210,3
5211,3
5212,3
5213,3
5214,2
5215,3
5216,3
5217,3
5218,3
5219,3
5220,3
5221,3
5222,3
5223,3
5224,3
5225,3
5226,3
5227,3
5228,3
5229,3
5230,3
5231,3
5232,3
5233,3
5234,3
5235,3
5236,3
5237,3
5238,3
5239,3
5240,3
5241,3
5242,3
5243,3
5244,3
5245,3
5246,3
5247,3
5248,3
5249,3
5250,3
5251,3
5252,3
5253,3
5254,3
5255,3
5256,3
5257,3
5258,3
5259,3
5260,3
5261,3
5262,3
5263,3
5264,3
5265,3
5266,3
5267,3
5268,3
5269,3
5270,3
5271,3
5272,3
5273,3
5274,3
5275,3
5276,3
5277,3
5278,3
5279,3
5280,3
5281,3
5282,3
5283,3
5284,3
5285,3
5286,3
5287,3
5288,3
5289,3
5290,3
5291,3
5292,3
5293,3
5294,3
5295,3
5296,3
5297,3
5298,3
5299,3
5300,3
5301,3
5302,3
5303,3
5304,3
5305,3
5306,3
5307,3
5308,3
5309,3
5310,3
5311,3
5312,3
5313,3
5314,3
5315,3
5316,3
5317,3
5318,3
5319,3
5320,3
5321,3
5322,3
5323,3
5324,3
5325,3
5326,3
5327,3
5328,3
5329,3
5330,3
5331,3
5332,3
5333,3
5334,3
5335,3
5336,3
5337,3
5338,3
5339,3
5340,3
5341,3
5342,3
5343,3
5344,3
5345,3
5346,3
5347,3
5348,3
5349,3
5350,3
5351,3
5352,3
5353,3
5354,3
5355,3
5356,3
5357,3
5358,3
5359,3
5360,3
5361,3
5362,3
5363,3
5364,3
5365,3
5366,3
5367,3
5368,3
5369,3
5370,3
5371,3
5372,3
5373,3
5374,3
5375,3
5376,3
5377,3
5378,3
5379,3
5380,3
5381,3
5382,3
5383,3
5384,3
5385,3
5386,3
5387,3
5388,3
5389,3
5390,3
5391,3
5392,3
5393,3
5394,3
5395,3
5396,3
5397,3
5398,3
5399,3
5400,3
5401,3
5402,3
5403,3
5404,3
5405,3
5406,3
5407,3
5408,3
5409,3
5410,3
5411,3
5412,3
5413,3
5414,3
5415,3
5416,3
5417,3
5418,3
5419,3
5420,3
5421,3
5422,3
5423,3
5424,3
5425,3
5426,3
5427,3
5428,3
5429,3
5430,3
5431,3
5432,3
5433,3
5434,3
5435,3
5436,3
5437,3
5438,3
5439,3
5440,3
5441,3
5442,3
5443,3
5444,3
5445,3
5446,3
5447,3
5448,3
5449,3
5450,3
5451,3
5452,3
5453,3
5454,3
5455,3
5456,3
5457,3
5458,3
5459,3
5460,3
5461,3
5462,3
5463,3
5464,3
5465,3
5466,3
5467,3
5468,3
5469,3
5470,3
5471,3
5472,3
5473,3
5474,3
5475,3
5476,3
5477,3
5478,3
5479,3
5480,3
5481,3
5482,3
5483,3
5484,3
5485,3
5486,3
5487,3
5488,3
5489,3
5490,3
5491,3
5492,3
5493,3
5494,3
5495,3
5496,3
5497,3
5498,3
5499,3
5500,3
5501,3
5502,3
5503,3
5504,3
5505,3
5506,3
5507,3
5508,3
5509,3
5510,3
5511,3
5512,3
5513,3
5514,3
5515,3
5516,3
5517,3
5518,3
5519,3
5520,3
5521,3
5522,3
5523,3
5524,3
5525,3
5526,3
5527,3
5528,3
5529,3
5530,3
5531,3
5532,3
5533,3
5534,3
5535,3
5536,3
5537,3
5538,3
5539,3
5540,3
5541,3
5542,3
5543,3
5544,3
5545,3
5546,3
5547,3
5548,3
5549,3
5550,3
5551,3
5552,3
5553,3
5554,3
5555,3
5556,3
5557,3
5558,3
5559,3
5560,3
5561,3
5562,3
5563,3
5564,3
5565,3
5566,3
5567,3
5568,3
5569,3
5570,3
5571,3
5572,3
5573,3
5574,3
5575,3
5576,3
5577,3
5578,3
5579,3
5580,3
5581,3
5582,3
5583,3
5584,3
5585,3
5586,3
5587,3
5588,3
5589,3
5590,3
5591,3
5592,3
5593,3
5594,3
5595,3
5596,3
5597,3
5598,3
5599,3
5600,3
5601,3
5602,3
5603,3
5604,3
5605,3
5606,3
5607,3
5608,3
5609,3
5610,3
5611,3
5612,3
5613,3
5614,3
5615,3
5616,3
5617,3
5618,3
5619,3
5620,3
5621,3
5622,3
5623,3
5624,3
5625,3
5626,3
5627,3
5628,3
5629,3
5630,3
5631,3
5632,3
5633,3
5634,3
5635,3
5636,3
5637,3
5638,3
5639,3
5640,3
5641,3
5642,3
5643,3
5644,3
5645,3
5646,3
5647,3
5648,3
5649,3
5650,3
5651,3
5652,3
5653,3
5654,3
5655,3
5656,3
5657,3
5658,3
5659,3
5660,3
5661,3
5662,3
5663,3
5664,3
5665,3
5666,3
5667,3
5668,3
5669,3
5670,3
5671,3
5672,3
5673,3
5674,3
5675,3
5676,3
5677,3
5678,3
5679,3
5680,3
5681,3
5682,3
5683,3
5684,3
5685,3
5686,3
5687,3
5688,3
5689,3
5690,3
5691,3
5692,3
5693,3
5694,3
5695,3
5696,3
5697,3
5698,3
5699,3
5700,3
5701,3
5702,3
5703,3
5704,3
5705,3
5706,3
5707,3
5708,3
5709,3
5710,3
5711,3
5712,3
5713,3
5714,3
5715,3
5716,3
5717,3
5718,3
5719,3
5720,3
5721,3
5722,3
5723,3
5724,3
5725,3
5726,3
5727,3
5728,3
5729,3
5730,3
5731,3
5732,3
5733,3
5734,3
5735,3
5736,3
5737,3
5738,3
5739,3
5740,3
5741,3
5742,3
5743,3
5744,3
5745,3
5746,3
5747,3
5748,3
5749,3
5750,3
5751,3
5752,3
5753,3
5754,3
5755,3
5756,3
5757,3
5758,3
5759,3
5760,3
5761,3
5762,3
5763,3
5764,3
5765,3
5766,3
5767,3
5768,3
5769,3
5770,3
5771,3
5772,3
5773,3
5774,3
5775,3
5776,3
5777,3
5778,3
5779,3
5780,3
5781,3
5782,3
5783,3
5784,3
5785,3
5786,3
5787,3
5788,3
5789,3
5790,3
5791,3
5792,3
5793,3
5794,3
5795,3
5796,3
5797,3
5798,3
5799,3
5800,3
5801,3
5802,3
5803,3
5804,3
5805,3
5806,3
5807,3
5808,3
5809,3
5810,3
5811,3
5812,3
5813,3
5814,3
5815,3
5816,3
5817,3
5818,3
5819,3
5820,3
5821,3
5822,3
5823,3
5824,3
5825,3
5826,3
5827,3
5828,3
5829,3
5830,3
5831,3
5832,3
5833,3
5834,3
5835,3
5836,3
5837,3
5838,3
5839,3
5840,3
5841,3
5842,3
5843,3
5844,3
5845,3
5846,3
5847,3
5848,3
5849,3
5850,3
5851,3
5852,3
5853,3
5854,3
5855,3
5856,3
5857,3
5858,3
5859,3
5860,3
5861,3
5862,3
5863,3
5864,3
5865,3
5866,3
5867,3
5868,3
5869,3
5870,3
5871,3
5872,3
5873,3
5874,3
5875,3
5876,3
5877,3
5878,3
5879,3
5880,3
5881,3
5882,3
5883,3
5884,3
5885,3
5886,3
5887,3
5888,3
5889,3
5890,3
5891,3
5892,3
5893,3
5894,3
5895,3
5896,3
5897,3
5898,3
5899,3
5900,3
5901,3
5902,3
5903,3
5904,3
5905,3
5906,3
5907,3
5908,3
5909,3
5910,3
5911,3
5912,3
5913,3
5914,3
5915,3
5916,3
5917,3
5918,3
5919,3
5920,3
5921,3
5922,3
5923,3
5924,3
5925,3
5926,3
5927,3
5928,3
5929,3
5930,3
5931,3
5932,3
5933,3
5934,3
5935,3
5936,3
5937,3
5938,3
5939,3
5940,3
5941,3
5942,3
5943,3
5944,3
5945,3
5946,3
5947,3
5948,3
5949,3
5950,3
5951,3
5952,3
5953,3
5954,3
5955,3
5956,3
5957,3
5958,3
5959,3
5960,3
5961,3
5962,3
5963,3
5964,3
5965,3
5966,3
5967,3
5968,3
5969,3
5970,3
5971,3
5972,3
5973,3
5974,3
5975,3
5976,3
5977,3
5978,3
5979,3
5980,3
5981,3
5982,3
5983,3
5984,3
5985,3
5986,3
5987,3
5988,3
5989,3
5990,3
5991,3
5992,3
5993,3
5994,3
5995,3
5996,3
5997,3
5998,3
5999,3
6000,3
6001,3
6002,3
6003,3
6004,3
6005,3
6006,3
6007,3
6008,3
6009,3
6010,3
6011,3
6012,3
6013,3
6014,3
6015,3
6016,3
6017,3
6018,3
6019,3
6020,3
6021,3
6022,3
6023,3
6024,3
6025,3
6026,3
6027,3
6028,3
6029,3
6030,3
6031,3
6032,3
6033,3
6034,3
6035,3
6036,3
6037,3
6038,3
6039,3
6040,3
6041,3
6042,3
6043,3
6044,3
6045,3
6046,3
6047,3
6048,3
6049,3
6050,3
6051,3
6052,3
6053,3
6054,3
6055,3
6056,3
6057,3
6058,3
6059,3
6060,3
6061,3
6062,3
6063,3
6064,3
6065,3
6066,3
6067,3
6068,3
6069,3
6070,3
6071,3
6072,3
6073,3
6074,3
6075,3
6076,3
6077,3
6078,3
6079,3
6080,3
6081,3
6082,3
6083,3
6084,3
6085,3
6086,3
6087,3
6088,3
6089,3
6090,3
6091,3
6092,3
6093,3
6094,3
6095,3
6096,3
6097,3
6098,3
6099,3
6100,3
6101,3
6102,3
6103,3
6104,3
6105,3
6106,3
6107,3
6108,3
6109,3
6110,3
6111,3
6112,3
6113,3
6114,3
